BEGIN TRANSACTION;
CREATE TABLE "t_team" (
	`id_team`	INTEGER NOT NULL PRIMARY KEY AUTOINCREMENT,
	`name`	TEXT NOT NULL
);
INSERT INTO `t_team` VALUES (1,'ALAVES');
INSERT INTO `t_team` VALUES (2,'ALCORCON');
INSERT INTO `t_team` VALUES (3,'ALMERIA');
INSERT INTO `t_team` VALUES (4,'AT.MADRID');
INSERT INTO `t_team` VALUES (5,'ATHLETIC');
INSERT INTO `t_team` VALUES (6,'BARCELONA');
INSERT INTO `t_team` VALUES (7,'BETIS');
INSERT INTO `t_team` VALUES (8,'CADIZ');
INSERT INTO `t_team` VALUES (9,'CELTA');
INSERT INTO `t_team` VALUES (10,'CORDOBA');
INSERT INTO `t_team` VALUES (11,'DEPORTIVO');
INSERT INTO `t_team` VALUES (12,'EIBAR');
INSERT INTO `t_team` VALUES (13,'ELCHE');
INSERT INTO `t_team` VALUES (14,'ESPANYOL');
INSERT INTO `t_team` VALUES (15,'GETAFE');
INSERT INTO `t_team` VALUES (16,'GIJON');
INSERT INTO `t_team` VALUES (17,'GIMNASTIC');
INSERT INTO `t_team` VALUES (18,'GIRONA');
INSERT INTO `t_team` VALUES (19,'GRANADA');
INSERT INTO `t_team` VALUES (20,'HUESCA');
INSERT INTO `t_team` VALUES (21,'LAS PALMAS');
INSERT INTO `t_team` VALUES (22,'LEGANES');
INSERT INTO `t_team` VALUES (23,'LEVANTE');
INSERT INTO `t_team` VALUES (24,'LUGO');
INSERT INTO `t_team` VALUES (25,'MALAGA');
INSERT INTO `t_team` VALUES (26,'MALLORCA');
INSERT INTO `t_team` VALUES (27,'MIRANDES');
INSERT INTO `t_team` VALUES (28,'MURCIA');
INSERT INTO `t_team` VALUES (29,'NUMANCIA');
INSERT INTO `t_team` VALUES (30,'OSASUNA');
INSERT INTO `t_team` VALUES (31,'OVIEDO');
INSERT INTO `t_team` VALUES (32,'R.MADRID');
INSERT INTO `t_team` VALUES (33,'R.SOCIEDAD');
INSERT INTO `t_team` VALUES (34,'RAYO');
INSERT INTO `t_team` VALUES (35,'REUS');
INSERT INTO `t_team` VALUES (36,'SEVILLA');
INSERT INTO `t_team` VALUES (37,'SEVILLA B');
INSERT INTO `t_team` VALUES (38,'TENERIFE');
INSERT INTO `t_team` VALUES (39,'VALENCIA');
INSERT INTO `t_team` VALUES (40,'VALLADOLID');
INSERT INTO `t_team` VALUES (41,'VILLAREAL');
INSERT INTO `t_team` VALUES (42,'ZARAGOZA');
CREATE TABLE "t_match" (
	`id_match`	INTEGER NOT NULL PRIMARY KEY AUTOINCREMENT,
	`id_homeTeam`	INTEGER NOT NULL,
	`id_awayTeam`	INTEGER NOT NULL,
	`result`	TEXT NOT NULL,
	`id_journey`	INTEGER,
	FOREIGN KEY(`id_homeTeam`) REFERENCES `t_team`(`id_team`),
	FOREIGN KEY(`id_awayTeam`) REFERENCES `t_team`(`id_team`),
	FOREIGN KEY(`id_journey`) REFERENCES `t_journey`(`id_journey`)
);
INSERT INTO `t_match` VALUES (4063,19,41,'X',1);
INSERT INTO `t_match` VALUES (4064,36,14,'1',1);
INSERT INTO `t_match` VALUES (4065,16,5,'1',1);
INSERT INTO `t_match` VALUES (4066,33,32,'2',1);
INSERT INTO `t_match` VALUES (4067,4,1,'X',1);
INSERT INTO `t_match` VALUES (4068,9,22,'2',1);
INSERT INTO `t_match` VALUES (4069,39,21,'2',1);
INSERT INTO `t_match` VALUES (4070,26,35,'2',1);
INSERT INTO `t_match` VALUES (4071,13,34,'1',1);
INSERT INTO `t_match` VALUES (4072,10,38,'1',1);
INSERT INTO `t_match` VALUES (4073,29,23,'2',1);
INSERT INTO `t_match` VALUES (4074,17,24,'X',1);
INSERT INTO `t_match` VALUES (4075,40,31,'1',1);
INSERT INTO `t_match` VALUES (4076,42,28,'1',1);
INSERT INTO `t_match` VALUES (4077,6,7,'1',1);
INSERT INTO `t_match` VALUES (4078,12,39,'1',2);
INSERT INTO `t_match` VALUES (4079,30,33,'2',2);
INSERT INTO `t_match` VALUES (4080,22,4,'X',2);
INSERT INTO `t_match` VALUES (4081,1,16,'X',2);
INSERT INTO `t_match` VALUES (4082,21,19,'1',2);
INSERT INTO `t_match` VALUES (4083,5,6,'2',2);
INSERT INTO `t_match` VALUES (4084,41,36,'X',2);
INSERT INTO `t_match` VALUES (4085,31,3,'1',2);
INSERT INTO `t_match` VALUES (4086,18,13,'1',2);
INSERT INTO `t_match` VALUES (4087,24,42,'X',2);
INSERT INTO `t_match` VALUES (4088,28,10,'X',2);
INSERT INTO `t_match` VALUES (4089,20,17,'X',2);
INSERT INTO `t_match` VALUES (4090,34,40,'X',2);
INSERT INTO `t_match` VALUES (4091,8,26,'X',2);
INSERT INTO `t_match` VALUES (4092,32,9,'1',2);
INSERT INTO `t_match` VALUES (4093,27,8,'1',3);
INSERT INTO `t_match` VALUES (4094,3,34,'1',3);
INSERT INTO `t_match` VALUES (4095,15,35,'X',3);
INSERT INTO `t_match` VALUES (4096,40,18,'1',3);
INSERT INTO `t_match` VALUES (4097,13,38,'1',3);
INSERT INTO `t_match` VALUES (4098,29,2,'X',3);
INSERT INTO `t_match` VALUES (4099,17,23,'X',3);
INSERT INTO `t_match` VALUES (4100,26,31,'X',3);
INSERT INTO `t_match` VALUES (4101,42,20,'1',3);
INSERT INTO `t_match` VALUES (4102,32,30,'1',4);
INSERT INTO `t_match` VALUES (4103,25,41,'2',4);
INSERT INTO `t_match` VALUES (4104,36,21,'1',4);
INSERT INTO `t_match` VALUES (4105,16,22,'1',4);
INSERT INTO `t_match` VALUES (4106,39,7,'2',4);
INSERT INTO `t_match` VALUES (4107,19,12,'2',4);
INSERT INTO `t_match` VALUES (4108,11,5,'2',4);
INSERT INTO `t_match` VALUES (4109,38,40,'1',4);
INSERT INTO `t_match` VALUES (4110,23,42,'1',4);
INSERT INTO `t_match` VALUES (4111,34,26,'1',4);
INSERT INTO `t_match` VALUES (4112,8,15,'1',4);
INSERT INTO `t_match` VALUES (4113,20,10,'1',4);
INSERT INTO `t_match` VALUES (4114,28,13,'X',4);
INSERT INTO `t_match` VALUES (4115,18,3,'X',4);
INSERT INTO `t_match` VALUES (4116,6,1,'2',4);
INSERT INTO `t_match` VALUES (4117,12,36,'X',5);
INSERT INTO `t_match` VALUES (4118,21,25,'1',5);
INSERT INTO `t_match` VALUES (4119,30,9,'X',5);
INSERT INTO `t_match` VALUES (4120,5,39,'1',5);
INSERT INTO `t_match` VALUES (4121,41,33,'1',5);
INSERT INTO `t_match` VALUES (4122,14,32,'2',5);
INSERT INTO `t_match` VALUES (4123,10,23,'1',5);
INSERT INTO `t_match` VALUES (4124,13,24,'2',5);
INSERT INTO `t_match` VALUES (4125,40,28,'2',5);
INSERT INTO `t_match` VALUES (4126,42,2,'1',5);
INSERT INTO `t_match` VALUES (4127,3,38,'2',5);
INSERT INTO `t_match` VALUES (4128,27,34,'1',5);
INSERT INTO `t_match` VALUES (4129,15,31,'1',5);
INSERT INTO `t_match` VALUES (4130,26,18,'1',5);
INSERT INTO `t_match` VALUES (4131,4,16,'1',5);
INSERT INTO `t_match` VALUES (4132,25,12,'1',6);
INSERT INTO `t_match` VALUES (4133,36,7,'1',6);
INSERT INTO `t_match` VALUES (4134,32,41,'X',6);
INSERT INTO `t_match` VALUES (4135,9,16,'1',6);
INSERT INTO `t_match` VALUES (4136,33,21,'1',6);
INSERT INTO `t_match` VALUES (4137,19,5,'2',6);
INSERT INTO `t_match` VALUES (4138,11,22,'2',6);
INSERT INTO `t_match` VALUES (4139,30,14,'2',6);
INSERT INTO `t_match` VALUES (4140,39,1,'1',6);
INSERT INTO `t_match` VALUES (4141,8,29,'1',6);
INSERT INTO `t_match` VALUES (4142,17,42,'X',6);
INSERT INTO `t_match` VALUES (4143,28,3,'1',6);
INSERT INTO `t_match` VALUES (4144,34,15,'1',6);
INSERT INTO `t_match` VALUES (4145,38,26,'X',6);
INSERT INTO `t_match` VALUES (4146,6,4,'X',6);
INSERT INTO `t_match` VALUES (4147,16,6,'2',7);
INSERT INTO `t_match` VALUES (4148,5,36,'1',7);
INSERT INTO `t_match` VALUES (4149,21,32,'X',7);
INSERT INTO `t_match` VALUES (4150,22,39,'2',7);
INSERT INTO `t_match` VALUES (4151,41,30,'1',7);
INSERT INTO `t_match` VALUES (4152,14,9,'2',7);
INSERT INTO `t_match` VALUES (4153,40,20,'2',7);
INSERT INTO `t_match` VALUES (4154,10,17,'1',7);
INSERT INTO `t_match` VALUES (4155,13,23,'2',7);
INSERT INTO `t_match` VALUES (4156,8,31,'2',7);
INSERT INTO `t_match` VALUES (4157,15,18,'2',7);
INSERT INTO `t_match` VALUES (4158,26,28,'X',7);
INSERT INTO `t_match` VALUES (4159,29,42,'1',7);
INSERT INTO `t_match` VALUES (4160,35,34,'X',7);
INSERT INTO `t_match` VALUES (4161,4,11,'1',7);
INSERT INTO `t_match` VALUES (4162,36,1,'1',8);
INSERT INTO `t_match` VALUES (4163,30,21,'X',8);
INSERT INTO `t_match` VALUES (4164,11,16,'1',8);
INSERT INTO `t_match` VALUES (4165,39,4,'2',8);
INSERT INTO `t_match` VALUES (4166,25,5,'1',8);
INSERT INTO `t_match` VALUES (4167,14,41,'X',8);
INSERT INTO `t_match` VALUES (4168,9,6,'1',8);
INSERT INTO `t_match` VALUES (4169,20,3,'1',8);
INSERT INTO `t_match` VALUES (4170,24,26,'1',8);
INSERT INTO `t_match` VALUES (4171,18,35,'1',8);
INSERT INTO `t_match` VALUES (4172,42,10,'X',8);
INSERT INTO `t_match` VALUES (4173,23,40,'1',8);
INSERT INTO `t_match` VALUES (4174,38,15,'X',8);
INSERT INTO `t_match` VALUES (4175,34,8,'1',8);
INSERT INTO `t_match` VALUES (4176,32,12,'X',8);
INSERT INTO `t_match` VALUES (4177,35,38,'X',9);
INSERT INTO `t_match` VALUES (4178,29,10,'X',9);
INSERT INTO `t_match` VALUES (4179,13,17,'X',9);
INSERT INTO `t_match` VALUES (4180,40,2,'1',9);
INSERT INTO `t_match` VALUES (4181,15,28,'1',9);
INSERT INTO `t_match` VALUES (4182,37,42,'1',9);
INSERT INTO `t_match` VALUES (4183,31,34,'1',9);
INSERT INTO `t_match` VALUES (4184,27,24,'X',9);
INSERT INTO `t_match` VALUES (4185,3,23,'X',9);
INSERT INTO `t_match` VALUES (4186,26,20,'1',9);
INSERT INTO `t_match` VALUES (4187,8,18,'X',9);
INSERT INTO `t_match` VALUES (4188,6,11,'1',10);
INSERT INTO `t_match` VALUES (4189,7,32,'2',10);
INSERT INTO `t_match` VALUES (4190,1,25,'X',10);
INSERT INTO `t_match` VALUES (4191,5,33,'1',10);
INSERT INTO `t_match` VALUES (4192,16,39,'2',10);
INSERT INTO `t_match` VALUES (4193,41,9,'1',10);
INSERT INTO `t_match` VALUES (4194,24,15,'2',10);
INSERT INTO `t_match` VALUES (4195,20,27,'1',10);
INSERT INTO `t_match` VALUES (4196,18,31,'X',10);
INSERT INTO `t_match` VALUES (4197,23,26,'1',10);
INSERT INTO `t_match` VALUES (4198,42,13,'2',10);
INSERT INTO `t_match` VALUES (4199,17,40,'2',10);
INSERT INTO `t_match` VALUES (4200,28,35,'2',10);
INSERT INTO `t_match` VALUES (4201,38,8,'X',10);
INSERT INTO `t_match` VALUES (4202,4,19,'1',10);
INSERT INTO `t_match` VALUES (4203,39,6,'2',11);
INSERT INTO `t_match` VALUES (4204,33,1,'1',11);
INSERT INTO `t_match` VALUES (4205,19,16,'X',11);
INSERT INTO `t_match` VALUES (4206,9,11,'1',11);
INSERT INTO `t_match` VALUES (4207,36,4,'1',11);
INSERT INTO `t_match` VALUES (4208,25,22,'1',11);
INSERT INTO `t_match` VALUES (4209,41,21,'1',11);
INSERT INTO `t_match` VALUES (4210,13,10,'X',11);
INSERT INTO `t_match` VALUES (4211,35,24,'1',11);
INSERT INTO `t_match` VALUES (4212,34,18,'1',11);
INSERT INTO `t_match` VALUES (4213,40,42,'X',11);
INSERT INTO `t_match` VALUES (4214,3,17,'1',11);
INSERT INTO `t_match` VALUES (4215,8,28,'X',11);
INSERT INTO `t_match` VALUES (4216,31,38,'1',11);
INSERT INTO `t_match` VALUES (4217,32,5,'1',11);
INSERT INTO `t_match` VALUES (4218,1,32,'2',12);
INSERT INTO `t_match` VALUES (4219,4,25,'1',12);
INSERT INTO `t_match` VALUES (4220,12,41,'1',12);
INSERT INTO `t_match` VALUES (4221,5,30,'X',12);
INSERT INTO `t_match` VALUES (4222,7,14,'2',12);
INSERT INTO `t_match` VALUES (4223,21,9,'X',12);
INSERT INTO `t_match` VALUES (4224,42,3,'1',12);
INSERT INTO `t_match` VALUES (4225,38,34,'1',12);
INSERT INTO `t_match` VALUES (4226,10,40,'X',12);
INSERT INTO `t_match` VALUES (4227,18,29,'1',12);
INSERT INTO `t_match` VALUES (4228,24,8,'2',12);
INSERT INTO `t_match` VALUES (4229,17,26,'X',12);
INSERT INTO `t_match` VALUES (4230,28,31,'2',12);
INSERT INTO `t_match` VALUES (4231,23,15,'X',12);
INSERT INTO `t_match` VALUES (4232,6,19,'1',12);
INSERT INTO `t_match` VALUES (4233,33,4,'1',13);
INSERT INTO `t_match` VALUES (4234,30,1,'2',13);
INSERT INTO `t_match` VALUES (4235,21,12,'1',13);
INSERT INTO `t_match` VALUES (4236,9,39,'1',13);
INSERT INTO `t_match` VALUES (4237,14,5,'X',13);
INSERT INTO `t_match` VALUES (4238,41,7,'1',13);
INSERT INTO `t_match` VALUES (4239,36,6,'2',13);
INSERT INTO `t_match` VALUES (4240,34,28,'2',13);
INSERT INTO `t_match` VALUES (4241,18,38,'X',13);
INSERT INTO `t_match` VALUES (4242,26,42,'X',13);
INSERT INTO `t_match` VALUES (4243,27,17,'2',13);
INSERT INTO `t_match` VALUES (4244,29,13,'X',13);
INSERT INTO `t_match` VALUES (4245,3,10,'1',13);
INSERT INTO `t_match` VALUES (4246,31,24,'X',13);
INSERT INTO `t_match` VALUES (4247,32,22,'1',13);
INSERT INTO `t_match` VALUES (4248,17,15,'1',14);
INSERT INTO `t_match` VALUES (4249,20,31,'1',14);
INSERT INTO `t_match` VALUES (4250,2,35,'1',14);
INSERT INTO `t_match` VALUES (4251,38,29,'X',14);
INSERT INTO `t_match` VALUES (4252,23,8,'X',14);
INSERT INTO `t_match` VALUES (4253,24,34,'1',14);
INSERT INTO `t_match` VALUES (4254,37,3,'1',14);
INSERT INTO `t_match` VALUES (4255,28,18,'2',14);
INSERT INTO `t_match` VALUES (4256,42,27,'1',14);
INSERT INTO `t_match` VALUES (4257,6,25,'X',15);
INSERT INTO `t_match` VALUES (4258,12,9,'1',15);
INSERT INTO `t_match` VALUES (4259,1,14,'2',15);
INSERT INTO `t_match` VALUES (4260,39,19,'X',15);
INSERT INTO `t_match` VALUES (4261,16,33,'2',15);
INSERT INTO `t_match` VALUES (4262,5,41,'1',15);
INSERT INTO `t_match` VALUES (4263,29,40,'1',15);
INSERT INTO `t_match` VALUES (4264,31,23,'1',15);
INSERT INTO `t_match` VALUES (4265,35,17,'1',15);
INSERT INTO `t_match` VALUES (4266,15,42,'1',15);
INSERT INTO `t_match` VALUES (4267,8,2,'1',15);
INSERT INTO `t_match` VALUES (4268,34,20,'X',15);
INSERT INTO `t_match` VALUES (4269,38,28,'1',15);
INSERT INTO `t_match` VALUES (4270,27,10,'X',15);
INSERT INTO `t_match` VALUES (4271,4,32,'2',15);
INSERT INTO `t_match` VALUES (4272,32,16,'1',16);
INSERT INTO `t_match` VALUES (4273,14,22,'1',16);
INSERT INTO `t_match` VALUES (4274,36,39,'1',16);
INSERT INTO `t_match` VALUES (4275,41,1,'2',16);
INSERT INTO `t_match` VALUES (4276,30,4,'2',16);
INSERT INTO `t_match` VALUES (4277,9,19,'1',16);
INSERT INTO `t_match` VALUES (4278,24,38,'2',16);
INSERT INTO `t_match` VALUES (4279,40,3,'X',16);
INSERT INTO `t_match` VALUES (4280,2,31,'1',16);
INSERT INTO `t_match` VALUES (4281,42,35,'X',16);
INSERT INTO `t_match` VALUES (4282,13,26,'1',16);
INSERT INTO `t_match` VALUES (4283,20,18,'2',16);
INSERT INTO `t_match` VALUES (4284,10,15,'2',16);
INSERT INTO `t_match` VALUES (4285,23,34,'1',16);
INSERT INTO `t_match` VALUES (4286,33,6,'X',16);
INSERT INTO `t_match` VALUES (4287,22,41,'X',17);
INSERT INTO `t_match` VALUES (4288,4,14,'X',17);
INSERT INTO `t_match` VALUES (4289,7,9,'X',17);
INSERT INTO `t_match` VALUES (4290,5,12,'1',17);
INSERT INTO `t_match` VALUES (4291,16,30,'1',17);
INSERT INTO `t_match` VALUES (4292,1,21,'X',17);
INSERT INTO `t_match` VALUES (4293,39,25,'X',17);
INSERT INTO `t_match` VALUES (4294,28,24,'2',17);
INSERT INTO `t_match` VALUES (4295,8,42,'1',17);
INSERT INTO `t_match` VALUES (4296,18,23,'1',17);
INSERT INTO `t_match` VALUES (4297,31,17,'1',17);
INSERT INTO `t_match` VALUES (4298,26,40,'2',17);
INSERT INTO `t_match` VALUES (4299,38,20,'X',17);
INSERT INTO `t_match` VALUES (4300,35,10,'2',17);
INSERT INTO `t_match` VALUES (4301,6,32,'X',17);
INSERT INTO `t_match` VALUES (4302,33,39,'1',18);
INSERT INTO `t_match` VALUES (4303,21,22,'X',18);
INSERT INTO `t_match` VALUES (4304,32,11,'1',18);
INSERT INTO `t_match` VALUES (4305,12,1,'X',18);
INSERT INTO `t_match` VALUES (4306,9,36,'2',18);
INSERT INTO `t_match` VALUES (4307,14,16,'1',18);
INSERT INTO `t_match` VALUES (4308,7,5,'1',18);
INSERT INTO `t_match` VALUES (4309,17,34,'2',18);
INSERT INTO `t_match` VALUES (4310,13,15,'X',18);
INSERT INTO `t_match` VALUES (4311,23,38,'1',18);
INSERT INTO `t_match` VALUES (4312,10,8,'2',18);
INSERT INTO `t_match` VALUES (4313,40,27,'1',18);
INSERT INTO `t_match` VALUES (4314,24,29,'1',18);
INSERT INTO `t_match` VALUES (4315,42,31,'1',18);
INSERT INTO `t_match` VALUES (4316,41,4,'1',18);
INSERT INTO `t_match` VALUES (4317,4,21,'1',19);
INSERT INTO `t_match` VALUES (4318,19,33,'2',19);
INSERT INTO `t_match` VALUES (4319,36,25,'1',19);
INSERT INTO `t_match` VALUES (4320,22,12,'X',19);
INSERT INTO `t_match` VALUES (4321,11,30,'1',19);
INSERT INTO `t_match` VALUES (4322,5,9,'1',19);
INSERT INTO `t_match` VALUES (4323,31,10,'2',19);
INSERT INTO `t_match` VALUES (4324,38,2,'1',19);
INSERT INTO `t_match` VALUES (4325,24,20,'X',19);
INSERT INTO `t_match` VALUES (4326,18,17,'1',19);
INSERT INTO `t_match` VALUES (4327,28,23,'2',19);
INSERT INTO `t_match` VALUES (4328,29,26,'1',19);
INSERT INTO `t_match` VALUES (4329,27,3,'1',19);
INSERT INTO `t_match` VALUES (4330,34,42,'2',19);
INSERT INTO `t_match` VALUES (4331,6,14,'1',19);
INSERT INTO `t_match` VALUES (4332,12,4,'2',20);
INSERT INTO `t_match` VALUES (4333,9,25,'1',20);
INSERT INTO `t_match` VALUES (4334,33,36,'2',20);
INSERT INTO `t_match` VALUES (4335,5,1,'X',20);
INSERT INTO `t_match` VALUES (4336,7,22,'1',20);
INSERT INTO `t_match` VALUES (4337,21,16,'1',20);
INSERT INTO `t_match` VALUES (4338,30,39,'X',20);
INSERT INTO `t_match` VALUES (4339,23,24,'1',20);
INSERT INTO `t_match` VALUES (4340,10,34,'X',20);
INSERT INTO `t_match` VALUES (4341,2,28,'X',20);
INSERT INTO `t_match` VALUES (4342,17,38,'X',20);
INSERT INTO `t_match` VALUES (4343,13,8,'2',20);
INSERT INTO `t_match` VALUES (4344,42,18,'2',20);
INSERT INTO `t_match` VALUES (4345,37,31,'1',20);
INSERT INTO `t_match` VALUES (4346,41,6,'X',20);
INSERT INTO `t_match` VALUES (4347,6,21,'1',21);
INSERT INTO `t_match` VALUES (4348,4,7,'1',21);
INSERT INTO `t_match` VALUES (4349,9,1,'1',21);
INSERT INTO `t_match` VALUES (4350,39,14,'1',21);
INSERT INTO `t_match` VALUES (4351,11,41,'X',21);
INSERT INTO `t_match` VALUES (4352,19,30,'X',21);
INSERT INTO `t_match` VALUES (4353,27,29,'2',21);
INSERT INTO `t_match` VALUES (4354,31,13,'1',21);
INSERT INTO `t_match` VALUES (4355,28,17,'X',21);
INSERT INTO `t_match` VALUES (4356,38,42,'1',21);
INSERT INTO `t_match` VALUES (4357,15,26,'X',21);
INSERT INTO `t_match` VALUES (4358,35,3,'1',21);
INSERT INTO `t_match` VALUES (4359,20,23,'2',21);
INSERT INTO `t_match` VALUES (4360,18,10,'1',21);
INSERT INTO `t_match` VALUES (4361,36,32,'1',21);
INSERT INTO `t_match` VALUES (4362,32,25,'1',22);
INSERT INTO `t_match` VALUES (4363,1,22,'X',22);
INSERT INTO `t_match` VALUES (4364,41,39,'2',22);
INSERT INTO `t_match` VALUES (4365,30,36,'2',22);
INSERT INTO `t_match` VALUES (4366,7,16,'X',22);
INSERT INTO `t_match` VALUES (4367,12,6,'2',22);
INSERT INTO `t_match` VALUES (4368,31,40,'1',22);
INSERT INTO `t_match` VALUES (4369,24,17,'2',22);
INSERT INTO `t_match` VALUES (4370,38,10,'1',22);
INSERT INTO `t_match` VALUES (4371,34,13,'X',22);
INSERT INTO `t_match` VALUES (4372,28,42,'1',22);
INSERT INTO `t_match` VALUES (4373,23,29,'1',22);
INSERT INTO `t_match` VALUES (4374,35,26,'X',22);
INSERT INTO `t_match` VALUES (4375,8,3,'1',22);
INSERT INTO `t_match` VALUES (4376,5,4,'X',22);
INSERT INTO `t_match` VALUES (4377,1,4,'X',23);
INSERT INTO `t_match` VALUES (4378,12,11,'1',23);
INSERT INTO `t_match` VALUES (4379,22,9,'2',23);
INSERT INTO `t_match` VALUES (4380,14,36,'1',23);
INSERT INTO `t_match` VALUES (4381,5,16,'1',23);
INSERT INTO `t_match` VALUES (4382,32,33,'1',23);
INSERT INTO `t_match` VALUES (4383,2,23,'1',23);
INSERT INTO `t_match` VALUES (4384,17,20,'X',23);
INSERT INTO `t_match` VALUES (4385,40,34,'1',23);
INSERT INTO `t_match` VALUES (4386,29,15,'1',23);
INSERT INTO `t_match` VALUES (4387,10,28,'X',23);
INSERT INTO `t_match` VALUES (4388,3,31,'1',23);
INSERT INTO `t_match` VALUES (4389,26,8,'X',23);
INSERT INTO `t_match` VALUES (4390,42,24,'X',23);
INSERT INTO `t_match` VALUES (4391,7,6,'X',23);
INSERT INTO `t_match` VALUES (4392,6,5,'1',24);
INSERT INTO `t_match` VALUES (4393,19,21,'1',24);
INSERT INTO `t_match` VALUES (4394,39,12,'2',24);
INSERT INTO `t_match` VALUES (4395,36,41,'X',24);
INSERT INTO `t_match` VALUES (4396,4,22,'1',24);
INSERT INTO `t_match` VALUES (4397,33,30,'1',24);
INSERT INTO `t_match` VALUES (4398,24,10,'1',24);
INSERT INTO `t_match` VALUES (4399,38,13,'1',24);
INSERT INTO `t_match` VALUES (4400,8,27,'1',24);
INSERT INTO `t_match` VALUES (4401,20,42,'2',24);
INSERT INTO `t_match` VALUES (4402,31,26,'1',24);
INSERT INTO `t_match` VALUES (4403,34,3,'1',24);
INSERT INTO `t_match` VALUES (4404,35,15,'X',24);
INSERT INTO `t_match` VALUES (4405,18,40,'1',24);
INSERT INTO `t_match` VALUES (4406,1,6,'2',25);
INSERT INTO `t_match` VALUES (4407,5,11,'1',25);
INSERT INTO `t_match` VALUES (4408,30,32,'2',25);
INSERT INTO `t_match` VALUES (4409,41,25,'X',25);
INSERT INTO `t_match` VALUES (4410,22,16,'2',25);
INSERT INTO `t_match` VALUES (4411,21,36,'2',25);
INSERT INTO `t_match` VALUES (4412,4,9,'1',25);
INSERT INTO `t_match` VALUES (4413,42,23,'2',25);
INSERT INTO `t_match` VALUES (4414,15,8,'1',25);
INSERT INTO `t_match` VALUES (4415,10,20,'2',25);
INSERT INTO `t_match` VALUES (4416,40,38,'X',25);
INSERT INTO `t_match` VALUES (4417,13,28,'X',25);
INSERT INTO `t_match` VALUES (4418,27,31,'2',25);
INSERT INTO `t_match` VALUES (4419,26,34,'1',25);
INSERT INTO `t_match` VALUES (4420,12,19,'1',25);
INSERT INTO `t_match` VALUES (4421,32,14,'1',26);
INSERT INTO `t_match` VALUES (4422,11,1,'2',26);
INSERT INTO `t_match` VALUES (4423,36,12,'1',26);
INSERT INTO `t_match` VALUES (4424,33,41,'2',26);
INSERT INTO `t_match` VALUES (4425,39,5,'1',26);
INSERT INTO `t_match` VALUES (4426,9,30,'1',26);
INSERT INTO `t_match` VALUES (4427,6,22,'1',26);
INSERT INTO `t_match` VALUES (4428,28,40,'2',26);
INSERT INTO `t_match` VALUES (4429,17,29,'1',26);
INSERT INTO `t_match` VALUES (4430,23,10,'1',26);
INSERT INTO `t_match` VALUES (4431,38,3,'1',26);
INSERT INTO `t_match` VALUES (4432,18,26,'1',26);
INSERT INTO `t_match` VALUES (4433,8,35,'X',26);
INSERT INTO `t_match` VALUES (4434,31,15,'1',26);
INSERT INTO `t_match` VALUES (4435,25,21,'1',26);
INSERT INTO `t_match` VALUES (4436,7,36,'2',27);
INSERT INTO `t_match` VALUES (4437,22,11,'1',27);
INSERT INTO `t_match` VALUES (4438,12,25,'1',27);
INSERT INTO `t_match` VALUES (4439,14,30,'1',27);
INSERT INTO `t_match` VALUES (4440,16,9,'X',27);
INSERT INTO `t_match` VALUES (4441,5,19,'1',27);
INSERT INTO `t_match` VALUES (4442,41,32,'2',27);
INSERT INTO `t_match` VALUES (4443,13,20,'X',27);
INSERT INTO `t_match` VALUES (4444,26,38,'2',27);
INSERT INTO `t_match` VALUES (4445,27,18,'2',27);
INSERT INTO `t_match` VALUES (4446,15,34,'1',27);
INSERT INTO `t_match` VALUES (4447,29,8,'2',27);
INSERT INTO `t_match` VALUES (4448,40,24,'X',27);
INSERT INTO `t_match` VALUES (4449,42,17,'2',27);
INSERT INTO `t_match` VALUES (4450,4,6,'2',27);
INSERT INTO `t_match` VALUES (4451,33,12,'X',28);
INSERT INTO `t_match` VALUES (4452,25,7,'2',28);
INSERT INTO `t_match` VALUES (4453,39,22,'1',28);
INSERT INTO `t_match` VALUES (4454,6,16,'1',28);
INSERT INTO `t_match` VALUES (4455,30,41,'2',28);
INSERT INTO `t_match` VALUES (4456,9,14,'X',28);
INSERT INTO `t_match` VALUES (4457,19,1,'1',28);
INSERT INTO `t_match` VALUES (4458,32,21,'X',28);
INSERT INTO `t_match` VALUES (4459,36,5,'1',28);
INSERT INTO `t_match` VALUES (4460,11,4,'X',28);
INSERT INTO `t_match` VALUES (4461,12,32,'2',29);
INSERT INTO `t_match` VALUES (4462,41,14,'1',29);
INSERT INTO `t_match` VALUES (4463,6,9,'1',29);
INSERT INTO `t_match` VALUES (4464,16,11,'2',29);
INSERT INTO `t_match` VALUES (4465,4,39,'1',29);
INSERT INTO `t_match` VALUES (4466,21,30,'1',29);
INSERT INTO `t_match` VALUES (4467,5,25,'1',29);
INSERT INTO `t_match` VALUES (4468,18,15,'1',29);
INSERT INTO `t_match` VALUES (4469,34,35,'X',29);
INSERT INTO `t_match` VALUES (4470,31,8,'1',29);
INSERT INTO `t_match` VALUES (4471,28,26,'X',29);
INSERT INTO `t_match` VALUES (4472,20,40,'1',29);
INSERT INTO `t_match` VALUES (4473,17,10,'1',29);
INSERT INTO `t_match` VALUES (4474,42,29,'1',29);
INSERT INTO `t_match` VALUES (4475,1,36,'X',29);
INSERT INTO `t_match` VALUES (4476,36,22,'X',30);
INSERT INTO `t_match` VALUES (4477,25,1,'2',30);
INSERT INTO `t_match` VALUES (4478,19,4,'2',30);
INSERT INTO `t_match` VALUES (4479,33,5,'2',30);
INSERT INTO `t_match` VALUES (4480,11,6,'1',30);
INSERT INTO `t_match` VALUES (4481,9,41,'2',30);
INSERT INTO `t_match` VALUES (4482,32,7,'1',30);
INSERT INTO `t_match` VALUES (4483,26,24,'X',30);
INSERT INTO `t_match` VALUES (4484,40,23,'2',30);
INSERT INTO `t_match` VALUES (4485,29,31,'X',30);
INSERT INTO `t_match` VALUES (4486,10,42,'1',30);
INSERT INTO `t_match` VALUES (4487,3,20,'X',30);
INSERT INTO `t_match` VALUES (4488,35,18,'2',30);
INSERT INTO `t_match` VALUES (4489,8,34,'1',30);
INSERT INTO `t_match` VALUES (4490,30,12,'X',30);
CREATE TABLE "t_journey" (
	`id_journey`	INTEGER NOT NULL PRIMARY KEY AUTOINCREMENT,
	`number_journey`	INTEGER,
	`first_div`	INTEGER,
	`second_div`	INTEGER,
	`season`	INTEGER NOT NULL
);
INSERT INTO `t_journey` VALUES (1,1,1,1,2017);
INSERT INTO `t_journey` VALUES (2,2,2,2,2017);
INSERT INTO `t_journey` VALUES (3,3,NULL,3,2017);
INSERT INTO `t_journey` VALUES (4,4,3,4,2017);
INSERT INTO `t_journey` VALUES (5,6,4,5,2017);
INSERT INTO `t_journey` VALUES (6,7,5,6,2017);
INSERT INTO `t_journey` VALUES (7,8,6,7,2017);
INSERT INTO `t_journey` VALUES (8,10,7,8,2017);
INSERT INTO `t_journey` VALUES (9,12,NULL,9,2017);
INSERT INTO `t_journey` VALUES (10,13,8,10,2017);
INSERT INTO `t_journey` VALUES (11,15,9,11,2017);
INSERT INTO `t_journey` VALUES (12,16,10,12,2017);
INSERT INTO `t_journey` VALUES (13,18,11,13,2017);
INSERT INTO `t_journey` VALUES (14,19,NULL,14,2017);
INSERT INTO `t_journey` VALUES (15,20,12,15,2017);
INSERT INTO `t_journey` VALUES (16,22,13,16,2017);
INSERT INTO `t_journey` VALUES (17,24,14,17,2017);
INSERT INTO `t_journey` VALUES (18,26,15,18,2017);
INSERT INTO `t_journey` VALUES (19,27,16,19,2017);
INSERT INTO `t_journey` VALUES (20,31,17,20,2017);
INSERT INTO `t_journey` VALUES (21,32,18,21,2017);
INSERT INTO `t_journey` VALUES (22,33,19,22,2017);
INSERT INTO `t_journey` VALUES (23,34,20,23,2017);
INSERT INTO `t_journey` VALUES (24,35,21,24,2017);
INSERT INTO `t_journey` VALUES (25,36,22,25,2017);
INSERT INTO `t_journey` VALUES (26,38,23,26,2017);
INSERT INTO `t_journey` VALUES (27,40,24,27,2017);
INSERT INTO `t_journey` VALUES (28,41,25,NULL,2017);
INSERT INTO `t_journey` VALUES (29,42,26,28,2017);
INSERT INTO `t_journey` VALUES (30,43,27,29,2017);
INSERT INTO `t_journey` VALUES (31,44,28,30,2017);
INSERT INTO `t_journey` VALUES (32,45,NULL,31,2017);
INSERT INTO `t_journey` VALUES (33,46,29,32,2017);
INSERT INTO `t_journey` VALUES (34,47,30,NULL,2017);
INSERT INTO `t_journey` VALUES (35,48,31,33,2017);
INSERT INTO `t_journey` VALUES (36,49,32,34,2017);
INSERT INTO `t_journey` VALUES (37,50,33,35,2017);
INSERT INTO `t_journey` VALUES (38,51,34,NULL,2017);
INSERT INTO `t_journey` VALUES (39,52,35,36,2017);
INSERT INTO `t_journey` VALUES (40,53,36,37,2017);
INSERT INTO `t_journey` VALUES (41,54,37,38,2017);
INSERT INTO `t_journey` VALUES (42,55,38,39,2017);
INSERT INTO `t_journey` VALUES (43,56,NULL,40,2017);
INSERT INTO `t_journey` VALUES (44,57,NULL,41,2017);
INSERT INTO `t_journey` VALUES (45,58,NULL,42,2017);
CREATE VIEW v_resume AS Select m.id_match, t1.name, t2.name, m.result, j.number_journey
from t_match m, t_team t1, t_team t2, t_journey j
where t1.id_team  = m.id_homeTeam 
and t2.id_team= m.id_awayTeam
and j.id_journey = m.id_journey;
COMMIT;
